"method","mapping","nonmem_theta1","liberation_theta1","theta1_relative_difference_percent","nonmem_theta2","liberation_theta2","theta2_relative_difference_percent","nonmem_omega1","liberation_omega1","omega1_relative_difference_percent","nonmem_sigma1","liberation_sigma1","sigma1_relative_difference_percent"
"FO","direct",0.608816,0.612340253174233,0.578869999184153,1.5,1.5,0,0.0167416,0.104567697465681,524.59799222106,0.238911,0.241878324647953,1.24202093999564
"FOCEI","direct",0.908058,1.09783745437872,20.8994859776266,1.5,1.5,0,0.0208937,0.110819905212227,430.398661856096,0.332482,0.020376424757062,-93.8714201800212
"LAPLACE","direct",1.03785,1.09685729294513,5.68553191165672,1.5,1.5,0,0.03714,0.110831163566805,198.414549183643,0.445072,0.0201735184669706,-95.4673584348216
"ITS","approximately aligned controls",0.840127,2.10612702251384,150.691505274065,9.9999,1.5,-84.9998499985,0.0236973,0.0721406213911073,204.425488942231,0.0300199,0.0097781616927213,-67.427733960735
"IMP","approximately aligned controls",0.829753,1.09749223963165,32.2673421646743,0.100001,1.5,1399.98500015,0.0248286,0.10255922731969,313.068909723827,0.020032,0.0200696953450852,0.188175644395162
"SAEM","approximately aligned controls",0.805021,1.0783212587064,33.9494570584372,9.9999,1.5,-84.9998499985,0.0289762,0.327797757063798,1031.26551122576,0.0200129,27411855.8743314,136970933019.795
