"engine","method","repeats","median_objective","median_theta1","median_theta2","median_omega1","median_sigma1"
"LibeRation","FO",1,-27.5605858510707,2.73706627708898,21.1683008524448,0.0522144167873149,0.0309863836566918
"LibeRation","FOCE",1,-23.1038100112975,2.68432979600362,20.6688465618061,0.0552023337153109,0.0292028392705978
"LibeRation","FOCEI",1,-28.8937046997862,2.82799026689898,20.7276646953169,0.0626468194920552,0.0260425638810966
"LibeRation","LAPLACE",1,-28.508384112628,2.80367838073997,20.786540814022,0.0636724946884187,0.0253564942636915
