"engine","method","repeats","median_objective","median_theta1","median_theta2","median_omega1","median_sigma1"
"LibeRation","FO",3,1030.54052517608,0.608829710910641,1.5,0.0167507109435939,0.238980546587074
"NONMEM","FO",3,1030.54057781931,0.608816,1.5,0.0167416,0.238911
