"engine","method","repeats","median_objective","median_theta1","median_theta2","median_omega1","median_sigma1"
"LibeRation","FO",1,-241.391811179915,1.2906440391942,1.5,0.025421202487012,0.053240858707403
"LibeRation","FOCE",1,-275.788888294052,1.62324570869504,1.5,0.0607945688740499,0.0278999407047044
"LibeRation","FOCEI",1,-290.112779766063,1.48716801568561,1.5,0.0538763234842924,0.0171315230896489
"LibeRation","LAPLACE",1,-289.67035750002,1.48399364763005,1.5,0.0540493454914769,0.0167953658124981
