"engine","method","repeats","median_objective","median_theta1","median_theta2","median_omega1","median_sigma1"
"LibeRation","FO",1,1123.6054317676,0.612340253174233,1.5,0.104567697465681,0.241878324647953
"LibeRation","FOCEI",1,-4469.06047130931,1.09783743853836,1.5,0.110819902047531,0.020376424730608
"LibeRation","LAPLACE",1,-4464.41357005684,1.09685735323477,1.5,0.110831175910489,0.0201735174584505
